产品ID,产品类型,产品名称,产品热度,年份
ID1,特色餐饮,渔乐码头烤鱼牛蛙晚饭餐厅,0.0049,2018
ID2,景点,高邮,0.0049,2018
ID3,景区,保利银滩浴场,0.0049,2018
ID4,特色餐饮,爱可咖啡馆（茂南店）,0.0049,2018
ID5,酒店,长滩,0.0049,2018
ID6,特色餐饮,果之度（为民店）,0.0049,2018
ID7,景区,湛江森林公园,0.0049,2018
ID8,酒店,拉斯维加斯,0.0049,2018
ID9,景区,放鸡岛生态旅游国际度假区,0.0049,2018
ID10,特色餐饮,清香面包店（车田街店）,0.0049,2018
ID11,酒店,尚客优连锁酒店(茂名高铁火车站店),0.0049,2018
ID12,景区,鸳鸯湖公园,0.0049,2018
ID13,景区,大澳渔村,0.0049,2018
ID14,特色餐饮,尊霸披萨,0.0049,2018
ID15,特色餐饮,优之品西点,0.0049,2018
ID16,景区,阳西咸水矿温泉,0.0049,2018
ID17,景区,海陵岛,0.0049,2018
ID18,景区,茂名滨海新区,0.0049,2018
ID19,景区,月亮湾沙滩浴场,0.0049,2018
ID20,酒店,荔枝贡园,0.0049,2018
ID21,乡村旅游,博贺渔港,0.0049,2018
ID22,景区,金沙湾海滨浴场,0.0049,2018
ID23,景区,沙扒景隆海洋馆,0.0049,2018
ID24,景区,霞山观海长廊,0.0049,2018
ID25,景区,南果花乡,0.0049,2018
ID26,景区,泰山天烛峰顶,0.0049,2018
ID27,景区,金水岩,0.0049,2018
ID28,景区,钦州市八寨沟旅游风景区,0.0049,2018
ID29,景区,鼎龙湾·德萨斯,0.0049,2018
ID30,酒店,茂名永利之家,0.0049,2018
ID31,景区,巴伐利亚庄园,0.0049,2018
ID32,酒店,北部湾,0.0049,2018
ID33,乡村旅游,天矿生态公园,0.0049,2018
ID34,景点,大唐芙蓉园,0.0049,2018
ID35,酒店,维也纳国际酒店(茂名高铁火车站店),0.0049,2018
ID36,景区,根子镇,0.0049,2018
ID37,景点,旅,0.0049,2018
ID38,特色餐饮,旺角亭（为民店）,0.0049,2018
ID39,景区,薰衣草庄园,0.0049,2018
ID40,特色餐饮,CAKE情迷黑森林,0.0049,2018
ID41,酒店,金秀行,0.0049,2018
ID42,特色餐饮,驰名湘菜馆,0.0049,2018
ID43,乡村旅游,茂名博贺渔港,0.0049,2018
ID44,景区,广东鳄人谷生态旅游区,0.0049,2018
ID45,景区,英德,0.0049,2018
ID46,景区,石表山,0.0049,2018
ID47,景区,四川凉山彝族自治州,0.0049,2018
ID48,景区,梵净山,0.0049,2018
ID49,景区,海口市,0.0049,2018
ID50,景区,飞霞风景名胜区,0.0049,2018
ID51,景区,里铺仔村,0.0049,2018
ID52,乡村旅游,双合村,0.0049,2018
ID53,景区,滨海,0.0049,2018
ID54,景区,化州,0.0049,2018
ID55,景点,北京,0.0049,2018
ID56,景区,双山岛,0.0049,2018
ID57,景区,御水古温泉旅游度假区,0.0049,2018
ID58,景区,天露山旅游度假,0.0049,2018
ID59,酒店,中德,0.0049,2018
ID60,景区,镇远古城,0.0049,2018
ID61,景区,硇洲岛,0.0049,2018
ID62,景区,东南亚,0.0049,2018
ID63,景区,冼太庙,0.0049,2018
ID64,景区,名,0.0049,2018
ID65,景区,黄山,0.0049,2018
ID66,景区,中澳友谊花园,0.0049,2018
ID67,酒店,鼎龙湾企鹅酒店,0.0049,2018
ID68,景区,遂溪孔子文化城,0.0049,2018
ID69,景区,广东湾,0.0049,2018
ID70,景区,成都,0.0049,2018
ID71,景区,眉山市,0.0049,2018
ID72,乡村旅游,北逻公园,0.0049,2018
ID73,景区,中,0.0049,2018
ID74,景区,西江温泉度假村,0.0049,2018
ID75,乡村旅游,茂名港,0.0049,2018
ID76,景区,阳春东湖公园,0.0049,2018
ID77,景区,出口商品交易会,0.0049,2018
ID78,景区,黄华江,0.0049,2018
ID79,景区,高州仙人洞景区,0.0049,2018
ID80,乡村旅游,茂名市迎宾馆,0.0049,2018
ID81,景区,中国南极长城站,0.0049,2018
ID82,景区,电白安泰大酒店,0.0049,2018
ID83,景区,德萨斯水,0.0049,2018
ID84,景区,茂南区,0.0049,2018
ID85,景区,来宾市,0.0049,2018
ID86,酒店,城市便捷酒店(茂名学府店),0.0049,2018
ID87,酒店,茂名红金鼎商务宾馆,0.0049,2018
ID88,景点,德萨斯,0.0049,2018
ID89,乡村旅游,电白水东湾,0.0049,2018
ID90,景点,华东,0.0049,2018
ID91,景区,瀛州公园,0.0049,2018
ID92,景区,西藏自治区,0.0049,2018
ID93,景区,茂名滨海新区浪漫海岸旅游度假区,0.0049,2018
ID94,景区,茂名市人民广场,0.0049,2018
ID95,景区,白,0.0049,2018
ID96,景区,民国,0.0049,2018
ID97,景区,四川凉山邛海宾馆,0.0049,2018
ID98,景区,金秀瑶族自治县,0.0049,2018
ID99,景区,十里银滩,0.0049,2018
ID100,景区,御水古温泉,0.0049,2018
ID101,景区,朴树,0.0049,2018
ID102,景区,鹤地水库风景区,0.0049,2018
ID103,景区,水东湾,0.0049,2018
ID104,乡村旅游,湛江机场,0.0049,2018
ID105,特色餐饮,优乐堡（开发区店）,0.0049,2018
ID106,景区,敦煌市,0.0049,2018
ID107,特色餐饮,功夫鸡排（光华北路店）,0.0049,2018
ID108,景区,广垦（茂名）国家热带农业公园,0.0049,2018
ID109,景点,荔枝,0.0049,2018
ID110,景区,厦门,0.0049,2018
ID111,景区,瑶族博物馆,0.0049,2018
ID112,景区,青年湖,0.0049,2018
ID113,景区,浮山岭风景区,0.0049,2018
ID114,景区,化州市,0.0049,2018
ID115,景区,大容山,0.0049,2018
ID116,景区,阳江春都温泉,0.0049,2018
ID117,酒店,茂名观海楼假日酒店,0.0049,2018
ID118,民宿,高州市龙眼公园,0.0049,2018
ID119,景区,石林公园,0.0049,2018
ID120,文创,深圳交易会展中心,0.0049,2018
ID121,景区,荔城,0.0049,2018
ID122,景区,沙扒湾奇乐摩天轮,0.0049,2018
ID123,景区,南国热带花园,0.0049,2018
ID124,景区,海滨公园,0.0049,2018
ID125,景点,茂名维也纳影城,0.0049,2018
ID126,景区,古郡,0.0049,2018
ID127,乡村旅游,来宾市金秀瑶族自治县瑶都广场,0.0049,2018
ID128,乡村旅游,南国,0.0049,2018
ID129,乡村旅游,马头岭,0.0049,2018
ID130,乡村旅游,官渡,0.0049,2018
ID131,乡村旅游,信宜镇,0.0049,2018
ID132,景点,重庆,0.0049,2018
ID133,景点,高州汽车客运站,0.0049,2018
ID134,景点,茂名市站前,0.0049,2018
ID135,景区,博罗,0.0049,2018
ID136,乡村旅游,沙朗,0.0049,2018
ID137,景区,天马山生态旅游区,0.0049,2018
ID138,酒店,茂名国际大酒店,0.0049,2018
ID139,景区,蓝袍湾,0.0049,2018
ID140,景区,苏二村,0.0049,2018
ID141,景区,南三岛,0.0049,2018
ID142,乡村旅游,童子湾,0.0049,2018
ID143,景点,放鸡岛,0.0049,2018
ID144,酒店,茂名卓钰精品酒店,0.0049,2018
ID145,景区,玉湖风景区,0.0049,2018
ID146,景区,世博源,0.0049,2018
ID147,景区,电白浪漫海岸国际旅游度假区,0.0049,2018
ID148,景区,渔港公园,0.0049,2018
ID149,乡村旅游,第一滩,0.0049,2018
ID150,乡村旅游,迎宾东路,0.0049,2018
ID151,景区,金鹿园,0.0049,2018
ID152,乡村旅游,柑,0.0049,2018
ID153,景点,粤东,0.0049,2018
ID154,景区,东海岛,0.0049,2018
ID155,酒店,好莱登商务宾馆(信宜绍秀体育馆店),0.0049,2018
ID156,特色餐饮,瀛食精致料理,0.0049,2018
ID157,乡村旅游,港珠澳大桥,0.0049,2018
ID158,特色餐饮,盛香烧鹅（东方市场店）,0.0049,2018
ID159,酒店,茂名南越印象岭南文化主题酒店火车站店,0.0049,2018
ID160,特色餐饮,爱丽丝音乐餐吧,0.0049,2018
ID161,乡村旅游,钱排,0.0049,2018
ID162,景区,沙扒湾,0.0049,2018
ID163,景点,井冈山,0.0049,2018
ID164,景点,西,0.0049,2018
ID165,景区,浮山岭,0.0049,2018
ID166,酒店,高州博物馆,0.0049,2018
ID167,乡村旅游,茂名市露,0.0049,2018
ID168,景区,中国第一滩旅游度假区,0.0049,2018
ID169,景点,桂林,0.0049,2018
ID170,景区,广东海洋大学,0.0049,2018
ID171,景点,张家界,0.0049,2018
ID172,景区,古郡水城,0.0049,2018
ID173,景区,保利·南海１号展览馆,0.0049,2018
ID174,景区,天马山,0.0049,2018
ID175,景区,长夏,0.0049,2018
ID176,景区,红花湖,0.0049,2018
ID177,景区,霞山天主教堂,0.0049,2018
ID178,景区,海东度假村,0.0049,2018
ID179,景区,露天矿生态公园,0.0049,2018
ID180,酒店,茂名威利国际酒店,0.0049,2018
ID181,景区,石根山,0.0049,2018
ID182,景区,吉兆湾,0.0049,2018
ID183,景区,龙海天,0.0049,2018
ID184,景区,崆峒岩风景区,0.0049,2018
ID185,景点,湘西,0.0049,2018
ID186,景点,迪士尼,0.0049,2018
ID187,景区,寸金动物园,0.0049,2018
ID188,景区,月亮湾滨海度假区,0.0049,2018
ID189,景区,茂名高州,0.0049,2018
ID190,酒店,第一滩观海楼假日,0.0049,2018
ID191,景区,月亮湾碧海蓝天度假邨,0.0049,2018
ID192,乡村旅游,,0.0049,2018
ID193,酒店,茂名海云雁酒店,0.0049,2018
ID194,酒店,茂名诚荟酒店,0.0049,2018
ID195,乡村旅游,茂南大道,0.0049,2018
ID196,景区,谢鲁山庄风景名胜区,0.0048,2018
ID197,景区,乐天温泉度假村,0.0048,2018
ID198,景区,南海,0.0048,2018
ID199,景点,水东镇人民路,0.0048,2018
ID200,景区,雷州古城,0.0048,2018
ID201,特色餐饮,果之度（迎宾三路店）,0.0048,2018
ID202,景区,仙湖山庄,0.0048,2018
ID203,特色餐饮,喜相逢渝洲川菜酒楼（东方大道店）,0.0048,2018
ID204,景区,湛江博物馆,0.0048,2018
ID205,景点,粤西,0.0048,2018
ID206,酒店,卓越酒店(茂名万达广场店),0.0048,2018
ID207,景区,闸坡,0.0048,2018
ID208,景区,维纳斯皇家温泉（广东阳西店）,0.0047,2018
ID209,酒店,茂名荔晶大酒店,0.0047,2018
ID210,特色餐饮,丰年面包店（茂南区店）,0.0047,2018
ID211,景区,塘山岭生态公园,0.0047,2018
ID212,景区,海滨公园游乐场,0.0046,2018
ID213,酒店,茂名柏丽酒店,0.0046,2018
ID214,特色餐饮,相聚时光（光明店）,0.0046,2018
ID215,特色餐饮,甜在心扉千层蛋糕（茂名店）,0.0041,2018
ID216,酒店,维也纳国际酒店(茂名电白店),0.004,2018
ID217,酒店,茂名好来登商务酒店,0.0035,2018
ID218,酒店,茂名华景商务酒店,0.0033,2018
ID219,景区,湛江海湾大桥,0.0029,2018
ID220,景区,天堂湖温泉度假山庄,-0.0029,2018
ID221,酒店,茂名君悦商务酒店,-0.0035,2018
ID222,景区,特呈岛温泉度假村,-0.0038,2018
ID223,景区,阳西青洲岛,-0.0039,2018
ID224,特色餐饮,鲜饮时光（高州店）,-0.0048,2018
ID225,特色餐饮,茂香面包坊总店,-0.0048,2018
ID226,特色餐饮,茂名浪漫海岸温德姆酒店望海餐厅,-0.0048,2018
ID227,特色餐饮,小乔紫菜卷（小乔店）,-0.0048,2018
ID228,特色餐饮,鲜滋味蛋糕·季念日生日蛋糕（茂南区店）,-0.0048,2018
ID229,酒店,茂名海豚酒店,-0.0048,2018
ID230,景区,湛江红树林国家级自然保护区,-0.0049,2018
ID231,酒店,化州汇嘉大酒店,-0.0049,2018
ID232,景区,廉江植物园,-0.0049,2018
ID233,景区,大树岛,-0.0049,2018
ID234,景区,马尾岛,-0.0049,2018
ID235,景区,华海酒店,0.0064,2019
ID236,景区,茂名森林公园,0.0064,2019
ID237,景区,电白县,0.0064,2019
ID238,酒店,西双版纳,0.0064,2019
ID239,景区,都峤山,0.0064,2019
ID240,酒店,港珠澳,0.0064,2019
ID241,景区,敏捷欢乐黄金海岸,0.0064,2019
ID242,景区,天温泉,0.0064,2019
ID243,景区,岭南地区,0.0064,2019
ID244,酒店,茂名浪漫海岸旅游度假区,0.0064,2019
ID245,景区,鼎龙湾高尔夫度假村,0.0064,2019
ID246,景区,霞山,0.0064,2019
ID247,酒店,维也纳3好酒店(茂名沿江大厦店),0.0064,2019
ID248,景区,梅溪,0.0064,2019
ID249,景区,忠良沉香街,0.0064,2019
ID250,酒店,茂名鑫都宾馆,0.0064,2019
ID251,景点,龙山,0.0064,2019
ID252,酒店,茂名熹龙国际大酒店,0.0064,2019
ID253,景点,玉林,0.0064,2019
ID254,酒店,夏威夷,0.0064,2019
ID255,景点,交投,0.0064,2019
ID256,景区,南越,0.0064,2019
ID257,酒店,华南地区,0.0064,2019
ID258,景点,新,0.0064,2019
ID259,景区,湖光岩,0.0064,2019
ID260,酒店,放雞島,0.0064,2019
ID261,酒店,茂名文汇酒店,0.0064,2019
ID262,景区,翰林湖,0.0064,2019
ID263,酒店,茂名御景国际大酒店,0.0064,2019
ID264,景区,姑婆山国,0.0064,2019
ID265,民宿,亭石林瀑布鉴江民俗菜馆,0.0064,2019
ID266,酒店,共青河,0.0064,2019
ID267,景区,谢鞋山,0.0064,2019
ID268,景点,香格里拉,0.0064,2019
ID269,景区,夫人故里文化旅游区,0.0064,2019
ID270,景区,茂名迎宾馆,0.0064,2019
ID271,景区,蓝月湾温泉,0.0064,2019
ID272,酒店,茂名高州乐天温泉度假村,0.0064,2019
ID273,景区,投,0.0064,2019
ID274,景区,金沙湾,0.0064,2019
ID275,酒店,茂名温德姆至尊酒店,0.0064,2019
ID276,民宿,金山,0.0064,2019
ID277,景区,云开,0.0064,2019
ID278,景点,镇隆八坊,0.0064,2019
ID279,景点,昭顺美术馆,0.0064,2019
ID280,景点,石林瀑布鉴江民俗菜馆,0.0064,2019
ID281,景区,大仁山,0.0064,2019
ID282,民宿,鉴江民俗菜馆,0.0064,2019
ID283,酒店,茂名浪漫海岸国际旅游度假区,0.0064,2019
ID284,景区,湛江红嘴鸥游船,0.0064,2019
ID285,景区,国际大酒店,0.0064,2019
ID286,景点,蛤岭村,0.0064,2019
ID287,景区,天露山旅游度假区,0.0064,2019
ID288,景区,龙虎山,0.0064,2019
ID289,景区,茂名大龙湾酒店,0.0064,2019
ID290,景区,仙人洞村,0.0064,2019
ID291,景区,马岭河,0.0064,2019
ID292,特色餐饮,顺德火焰醉鹅坊（站北五路店）,0.0064,2019
ID293,民宿,鉴江民俗文化馆,0.0064,2019
ID294,景区,茂名六韬创意产业园,0.0064,2019
ID295,景区,亚洲,0.0064,2019
ID296,景区,东坡,0.0064,2019
ID297,景区,南宁市,0.0064,2019
ID298,景点,逸和生,0.0064,2019
ID299,特色餐饮,优悦西餐厅（维斯顿店）,0.0064,2019
ID300,景区,中国城,0.0064,2019
ID301,景点,官渡公园,0.0064,2019
ID302,景区,高州市宝光塔,0.0064,2019
ID303,景区,崇德楼,0.0064,2019
ID304,景点,南皋学舍,0.0064,2019
ID305,景区,楼阁堂村,0.0064,2019
ID306,景点,化州站,0.0064,2019
ID307,景区,海昌海洋公园,0.0064,2019
ID308,景点,电城镇,0.0064,2019
ID309,景点,牙象好心湖露天,0.0064,2019
ID310,景区,鼎龙湾欢乐海岸,0.0064,2019
ID311,景区,文光塔,0.0064,2019
ID312,文创,红旗菜丁市场,0.0064,2019
ID313,景区,天子山,0.0064,2019
ID314,景区,琼州海峡,0.0064,2019
ID315,景点,开平,0.0064,2019
ID316,景点,信宜市,0.0064,2019
ID317,景点,美国,0.0064,2019
ID318,景点,茂,0.0064,2019
ID319,景区,高州观山,0.0064,2019
ID320,文创,黔西南州,0.0064,2019
ID321,景区,海陵岛红树林国家湿地公园,0.0064,2019
ID322,景点,茂名市电白区,0.0064,2019
ID323,酒店,高州简尚精品酒店,0.0064,2019
ID324,民宿,高佬乡,0.0064,2019
ID325,景区,吴阳金海岸沙滩,0.0064,2019
ID326,民宿,茶亭石林瀑布鉴江民俗菜馆,0.0064,2019
ID327,景区,景国,0.0064,2019
ID328,景点,油,0.0064,2019
ID329,酒店,茂名名晟宾馆,0.0064,2019
ID330,酒店,西客站,0.0064,2019
ID331,景区,玉湖国家,0.0064,2019
ID332,景区,长坡镇,0.0064,2019
ID333,景区,潮州风吹岭石刻群,0.0064,2019
ID334,文创,茂名东汇城,0.0064,2019
ID335,景区,中华人民共和国,0.0064,2019
ID336,景区,夏威夷海滨公园,0.0064,2019
ID337,景点,英地坡,0.0064,2019
ID338,民宿,铜板岭,0.0064,2019
ID339,景区,龙潭湿地,0.0064,2019
ID340,景点,九树农庄,0.0064,2019
ID341,景区,南海1号一号银滩（十里银滩）,0.0064,2019
ID342,景区,大象水乐园,0.0064,2019
ID343,景点,玉龙山,0.0064,2019
ID344,景点,沙琅镇,0.0064,2019
ID345,酒店,茂名华燕宾馆,0.0064,2019
ID346,景区,旺同公园,0.0064,2019
ID347,景点,东江,0.0064,2019
ID348,景点,信宜市绍秀体育馆,0.0064,2019
ID349,景点,训练基地,0.0064,2019
ID350,景区,广东茂名滨海新区浪漫海岸国际旅游度假区,0.0064,2019
ID351,景点,小东江,0.0064,2019
ID352,景点,茂名市名园生态园,0.0064,2019
ID353,景区,信宜,0.0064,2019
ID354,景点,江南,0.0064,2019
ID355,景点,昆明,0.0064,2019
ID356,景点,亚马逊,0.0064,2019
ID357,景区,茂名滨,0.0064,2019
ID358,景点,丰泽园,0.0064,2019
ID359,景点,茂名安踏篮球公园,0.0064,2019
ID360,景点,珠葛,0.0064,2019
ID361,景点,茂名市博物馆,0.0064,2019
ID362,景点,红旗饭堂,0.0064,2019
ID363,景点,南城站,0.0064,2019
ID364,酒店,52连锁酒店(化州店),0.0064,2019
ID365,景区,大通街,0.0064,2019
ID366,景区,黎村温泉,0.0064,2019
ID367,景区,新兴县国恩寺,0.0064,2019
ID368,景区,茂名御水古温泉度假区,0.0064,2019
ID369,景点,滨海新区,0.0064,2019
ID370,景区,中华第一冼太庙,0.0064,2019
ID371,特色餐饮,尊宝比萨（康泰又一城店）,0.0064,2019
ID372,酒店,维也纳国际酒店(茂名万达广场店),0.0064,2019
ID373,酒店,唐华商务酒店(茂名高铁火车站店),0.0064,2019
ID374,酒店,中山路,0.0064,2019
ID375,景区,东平镇,0.0064,2019
ID376,景区,白水瀑布,0.0064,2019
ID377,景点,茂名露天矿博物馆,0.0064,2019
ID378,景区,特呈岛,0.0064,2019
ID379,酒店,茂名宏悦大酒店,0.0063,2019
ID380,景点,前四路,0.0063,2019
ID381,酒店,化州铭丰假日酒店,0.0063,2019
ID382,酒店,Q加·茂名大喜假日酒店,0.0063,2019
ID383,景点,粤西地区,0.0063,2019
ID384,乡村旅游,绿城,0.0063,2019
ID385,酒店,精途酒店(茂名高铁火车站店),0.0063,2019
ID386,景区,天龙顶国家山地公园,0.0063,2019
ID387,酒店,茂名栈泉酒店,0.0062,2019
ID388,景区,大仁山风景区,0.0062,2019
ID389,景区,田园寨,0.0062,2019
ID390,景区,湛江梵高星空艺术馆,0.0061,2019
ID391,景区,鼎龙湾德萨斯水世界,0.0061,2019
ID392,景区,晏镜岭,0.006,2019
ID393,酒店,茂名途遇精品酒店,0.0058,2019
ID394,酒店,IU酒店(信宜中兴六路店),0.0057,2019
ID395,景区,长坡旧城,0.0056,2019
ID396,景区,鹅凰嶂,0.0052,2019
ID397,酒店,茂名万达广场雅斯特国际酒店,0.005,2019
ID398,景点,信宜教育城,0.0045,2019
ID399,酒店,茂名金沙商务酒店,0.0041,2019
ID400,酒店,化州桔龙商务酒店,0.004,2019
ID401,酒店,如家酒店·neo(茂名高铁火车站店),-0.0035,2019
ID402,酒店,轻住悦享酒店(茂名高铁南站店),-0.0045,2019
ID403,景点,省,-0.0049,2019
ID404,酒店,茂名零六六八公寓,-0.0053,2019
ID405,景区,平云山,-0.0055,2019
ID406,酒店,星悦酒店(茂名文化广场店),-0.0056,2019
ID407,酒店,IU酒店(茂名人民南路油城大厦店),-0.0057,2019
ID408,特色餐饮,元晟坊蛋糕（南香公园店）,-0.0057,2019
ID409,景区,螺岗岭,-0.0058,2019
ID410,酒店,华海酒店(茂名高铁站店),-0.0058,2019
ID411,景区,海,0.0048,2020
ID412,酒店,柏曼酒店(茂名大道东汇城店),0.0048,2020
ID413,酒店,茂名市信宜市清华城,0.0048,2020
ID414,特色餐饮,源丰唐茶楼（电白万达广场店）,0.0048,2020
ID415,特色餐饮,法兰度航空主题餐厅（东汇城店）,0.0048,2020
ID416,酒店,茂名信宜教育城店,0.0048,2020
ID417,酒店,玉都,0.0048,2020
ID418,景区,留连,0.0048,2020
ID419,特色餐饮,菠斯蒂蛋糕,0.0048,2020
ID420,特色餐饮,贵族自助牛排餐厅（华侨城店）,0.0048,2020
ID421,景区,高州仙人洞自然风景区,0.0048,2020
ID422,酒店,信宜朗誉酒店,0.0048,2020
ID423,酒店,茂名市便捷酒店(高铁火车站店),0.0048,2020
ID424,酒店,信宜火车站,0.0048,2020
ID425,景区,巴厘岛,0.0048,2020
ID426,景点,堂,0.0048,2020
ID427,文创,南粤文创街,0.0048,2020
ID428,景点,中山城,0.0048,2020
ID429,酒店,麗枫酒店(茂名电白万达广场店),0.0048,2020
ID430,酒店,南粤,0.0048,2020
ID431,特色餐饮,十七门重庆老火锅（电白万达店）,0.0048,2020
ID432,酒店,城市便捷酒店(茂名滨海新区电城店),0.0048,2020
ID433,景区,茂德公古城,0.0048,2020
ID434,景点,东,0.0048,2020
ID435,景点,金三角,0.0048,2020
ID436,景点,中德大,0.0048,2020
ID437,民宿,凤凰园,0.0048,2020
ID438,景区,大雾岭,0.0048,2020
ID439,景区,鼎龙湾,0.0048,2020
ID440,乡村旅游,牙象大地艺术公园,0.0048,2020
ID441,景区,温德姆浪漫海岸,0.0048,2020
ID442,乡村旅游,博贺港,0.0048,2020
ID443,乡村旅游,劝学公园,0.0048,2020
ID444,景点,高州市,0.0048,2020
ID445,景区,水东湾海洋公园,0.0048,2020
ID446,景点,茂名高铁站,0.0048,2020
ID447,特色餐饮,大赞∙炙烧寿司（万达广场店）,0.0048,2020
ID448,酒店,御水古温泉度假区,0.0048,2020
ID449,景点,大唐荔乡,0.0048,2020
ID450,乡村旅游,贺滨海旅游度假区,0.0048,2020
ID451,酒店,茂名文华酒店,0.0048,2020
ID452,民宿,西岸村,0.0048,2020
ID453,景区,闸坡大角湾,0.0048,2020
ID454,景点,文光社区,0.0048,2020
ID455,景区,茂名站,0.0048,2020
ID456,景区,长沙,0.0048,2020
ID457,特色餐饮,Hello炸鸡（方兴店）,0.0048,2020
ID458,景区,放鸡岛旅游度,0.0048,2020
ID459,景区,东湾,0.0048,2020
ID460,民宿,三木山庄,0.0048,2020
ID461,景点,桥头村,0.0048,2020
ID462,乡村旅游,云里莲海庄园,0.0048,2020
ID463,乡村旅游,博贺滨海旅游度假区,0.0048,2020
ID464,景区,莲花湖,0.0048,2020
ID465,文创,南海旅游岛,0.0048,2020
ID466,景区,石鼓镇,0.0048,2020
ID467,景区,马贵镇,0.0048,2020
ID468,景区,海南自,0.0048,2020
ID469,乡村旅游,共青河新城,0.0048,2020
ID470,乡村旅游,樟岭村,0.0048,2020
ID471,景点,马尔代夫,0.0048,2020
ID472,乡村旅游,文化广场,0.0048,2020
ID473,景点,苏州市,0.0048,2020
ID474,特色餐饮,螺香汇·柳州螺蛳粉（官渡二路油校店）,0.0048,2020
ID475,景区,茂名火车站,0.0048,2020
ID476,酒店,秀英港,0.0048,2020
ID477,景区,南海旅游岛冼夫人文化影视城,0.0048,2020
ID478,乡村旅游,合水村,0.0048,2020
ID479,景点,化州市北岸,0.0048,2020
ID480,景点,茂名市官渡公园,0.0048,2020
ID481,景点,茂名新湖公园,0.0048,2020
ID482,景区,广州白云宾馆,0.0048,2020
ID483,景点,海丰县,0.0048,2020
ID484,乡村旅游,山阁镇烧酒村,0.0048,2020
ID485,酒店,茂名电白区,0.0048,2020
ID486,景区,包头市,0.0048,2020
ID487,乡村旅游,茂名牙象大地艺术公园,0.0048,2020
ID488,酒店,长隆,0.0048,2020
ID489,景区,电白水东安泰大酒店,0.0048,2020
ID490,景点,茂羊路,0.0048,2020
ID491,景点,博贺镇,0.0048,2020
ID492,景区,宴镜岭,0.0048,2020
ID493,景区,放鸡岛旅游度假区,0.0048,2020
ID494,景点,锦江画廊,0.0048,2020
ID495,景点,应用产业开发试验区,0.0048,2020
ID496,景区,歌美海景区,0.0048,2020
ID497,景点,林头镇,0.0048,2020
ID498,景点,共青河新,0.0048,2020
ID499,景点,珠江,0.0048,2020
ID500,景区,深圳经济特区,0.0048,2020
ID501,文创,高州古丁梯田,0.0048,2020
ID502,景点,高州,0.0048,2020
ID503,景点,潘州,0.0048,2020
ID504,景区,茂南,0.0048,2020
ID505,景点,南宁,0.0048,2020
ID506,景区,电白汽车客运站,0.0048,2020
ID507,景点,茂名国,0.0048,2020
ID508,景点,茂名地区,0.0048,2020
ID509,景点,中国荔枝博览馆,0.0048,2020
ID510,景点,茂名东站,0.0048,2020
ID511,景点,广东茂名森林公园,0.0048,2020
ID512,特色餐饮,街头牛排（光华北路店）,0.0048,2020
ID513,乡村旅游,罗定市,0.0048,2020
ID514,景区,新湖公园,0.0048,2020
ID515,景点,茂名城市艺术,0.0048,2020
ID516,景区,大湾区,0.0048,2020
ID517,景区,茂名城市艺术公园,0.0048,2020
ID518,景区,广东省南粤沉香博物馆,0.0048,2020
ID519,景点,吉达港,0.0048,2020
ID520,景点,茂名西站,0.0048,2020
ID521,景点,牙象村,0.0048,2020
ID522,景点,高新区,0.0048,2020
ID523,景点,龙坑村,0.0048,2020
ID524,景点,长安,0.0048,2020
ID525,景点,武汉,0.0048,2020
ID526,酒店,高州顺得商务酒店,0.0048,2020
ID527,景点,茂名市文,0.0048,2020
ID528,乡村旅游,荔枝国家现代农业产,0.0048,2020
ID529,乡村旅游,钧明城城市艺术公园,0.0048,2020
ID530,景点,茂名市现代农业产业园,0.0048,2020
ID531,景点,南京,0.0048,2020
ID532,景点,茂名跨境,0.0048,2020
ID533,乡村旅游,旺同村,0.0048,2020
ID534,景点,广州,0.0048,2020
ID535,乡村旅游,珠三角,0.0048,2020
ID536,乡村旅游,乌石村,0.0048,2020
ID537,景点,工业园,0.0048,2020
ID538,乡村旅游,钟鼓公园,0.0048,2020
ID539,景点,台北,0.0048,2020
ID540,景区,河池市,0.0048,2020
ID541,景点,钧明城城市艺术公,0.0048,2020
ID542,酒店,茂名红天旅馆,0.0048,2020
ID543,酒店,水东湾新城,0.0048,2020
ID544,景点,珠,0.0048,2020
ID545,景点,钧明城,0.0048,2020
ID546,乡村旅游,李山村,0.0048,2020
ID547,景点,茂名花果世,0.0048,2020
ID548,景区,冼夫人,0.0048,2020
ID549,景区,广东海上丝绸之路博物馆,0.0048,2020
ID550,景区,越文化,0.0048,2020
ID551,景点,象稻田,0.0048,2020
ID552,景点,西安市,0.0048,2020
ID553,乡村旅游,元坝村,0.0048,2020
ID554,景点,复兴大道,0.0048,2020
ID555,景区,虎头山,0.0048,2020
ID556,景点,茂名·钧盟电竞馆,0.0048,2020
ID557,酒店,茂名浪漫海岸温德姆酒店,0.0048,2020
ID558,景点,江山市,0.0048,2020
ID559,景点,芝加哥,0.0048,2020
ID560,景点,同心岛,0.0048,2020
ID561,景区,仙人洞,0.0048,2020
ID562,景区,茂名市熹龙国际大酒店,0.0048,2020
ID563,景点,茂名市博物馆数字博物馆,0.0048,2020
ID564,乡村旅游,那宾村,0.0048,2020
ID565,景区,信宜莲花湖庄园,0.0048,2020
ID566,酒店,柏曼酒店(茂名油城七路店),0.0048,2020
ID567,景点,甲子大,0.0048,2020
ID568,酒店,兰欧酒店(信宜绍秀体育馆店),0.0048,2020
ID569,景点,广,0.0048,2020
ID570,景点,南路地区,0.0048,2020
ID571,乡村旅游,牙象大地艺术,0.0048,2020
ID572,民宿,根子元坝村,0.0048,2020
ID573,乡村旅游,江东北路,0.0048,2020
ID574,乡村旅游,枝,0.0048,2020
ID575,民宿,尼洋河,0.0048,2020
ID576,乡村旅游,茂化路,0.0048,2020
ID577,景点,观珠镇,0.0048,2020
ID578,景区,玉湖,0.0048,2020
ID579,酒店,茂名君怡酒店,0.0048,2020
ID580,景点,稻田,0.0048,2020
ID581,酒店,化州星河国际假日酒店,0.0048,2020
ID582,景区,奇石公园,0.0047,2020
ID583,景点,田,0.0047,2020
ID584,景区,霞山海鲜批发市场,0.0047,2020
ID585,景点,中坳,0.0047,2020
ID586,景点,广州奥林匹克体育中心游泳馆,0.0047,2020
ID587,景区,区,0.0047,2020
ID588,景点,朝阳路,0.0047,2020
ID589,景点,碧桂园城,0.0047,2020
ID590,景点,浮山岭超世寺,0.0047,2020
ID591,酒店,电白名宴酒店,0.0047,2020
ID592,景点,钟南山,0.0047,2020
ID593,酒店,城市便捷酒店(茂名水东万达广场区政府店),0.0047,2020
ID594,酒店,高州沿江商务宾馆,0.0047,2020
ID595,景点,岭南,0.0047,2020
ID596,景点,茂名国家高新技术产业开发区规划展览馆,0.0047,2020
ID597,酒店,茂名市华海酒店,0.0047,2020
ID598,景区,京城,0.0047,2020
ID599,景点,顿标,0.0047,2020
ID600,景区,螺岗小镇,0.0047,2020
ID601,景区,三官山,0.0047,2020
ID602,景点,荔乡,0.0047,2020
ID603,酒店,信宜丽晶酒店,0.0047,2020
ID604,酒店,茂名蓝海洋酒店,0.0046,2020
ID605,景区,深圳,0.0046,2020
ID606,景区,马踏镇,0.0046,2020
ID607,酒店,茂名君悦商务酒店人民大道店,0.0046,2020
ID608,酒店,高州明悦宾馆,0.0046,2020
ID609,景区,阳光玫瑰生态园,0.0046,2020
ID610,酒店,信宜天鹅湖宾馆,0.0045,2020
ID611,酒店,如家酒店·neo(茂名人民路步行街中心店),0.0045,2020
ID612,景点,香港,0.0045,2020
ID613,酒店,尚客优连锁酒店(信宜银湖路店),0.0045,2020
ID614,酒店,高州卡尔顿酒店,0.0044,2020
ID615,景点,电白,0.0044,2020
ID616,酒店,茂名东诚智能公寓,0.0044,2020
ID617,景区,青州岛,0.0044,2020
ID618,酒店,茂名龙栖湾旅馆,0.0042,2020
ID619,景区,浪漫海岸旅游度假区,0.004,2020
ID620,酒店,茂名安途四季酒店,0.0038,2020
ID621,景区,粤龙山风景区,0.0037,2020
ID622,酒店,茂名恒运商务酒店,0.0037,2020
ID623,酒店,茂名泊愉青年公寓,0.0035,2020
ID624,景区,电白区,0.0034,2020
ID625,景点,合水镇,0.0033,2020
ID626,酒店,麗枫酒店(茂名高铁站店),0.0029,2020
ID627,酒店,凯里亚德酒店(茂名电白万达广场店),-0.0015,2020
ID628,酒店,英利商务酒店(化州上街路店),-0.0018,2020
ID629,酒店,凯里亚德酒店(茂名高铁站店),-0.0022,2020
ID630,特色餐饮,果之度（开发区店）,-0.0022,2020
ID631,特色餐饮,爵士厚牛排自助餐馆（汇丰店）,-0.0035,2020
ID632,酒店,茂名碧海湾酒店,-0.0035,2020
ID633,特色餐饮,友情有意音乐餐厅,0.0036,2021
ID634,特色餐饮,悦创小鹅鹅桂林米粉（双山一路店）,0.0036,2021
ID635,景点,飞鹅岭,0.0036,2021
ID636,特色餐饮,云南过桥米线（汇景店）,0.0036,2021
ID637,特色餐饮,二月时光烘焙坊（华夏世纪花园店）,0.0036,2021
ID638,特色餐饮,满酱（东湖店）,0.0036,2021
ID639,特色餐饮,麦壳西点（开发区店）,0.0036,2021
ID640,特色餐饮,付记·招牌酸菜鱼,0.0036,2021
ID641,特色餐饮,汉宫传承隆江猪脚饭（上排垌店）,0.0036,2021
ID642,特色餐饮,喜姐炸串（新天地店）,0.0036,2021
ID643,特色餐饮,帕拉图西餐酒廊（华侨城店）,0.0036,2021
ID644,酒店,茂名御水古温泉度假,0.0036,2021
ID645,酒店,电白童子湾,0.0036,2021
ID646,特色餐饮,港堡汉堡（双山四路店）,0.0036,2021
ID647,景点,宝藏乐园,0.0036,2021
ID648,酒店,御水古,0.0036,2021
ID649,酒店,茂名星城湾国际酒店,0.0036,2021
ID650,特色餐饮,椒王火锅（电白店）,0.0036,2021
ID651,特色餐饮,油校西餐厅（光遇·油校光华校区店）,0.0036,2021
ID652,景区,南,0.0036,2021
ID653,特色餐饮,真功夫（传湾新天地店）,0.0036,2021
ID654,景点,木头塘,0.0036,2021
ID655,特色餐饮,椒王火锅（高州店）,0.0036,2021
ID656,景点,文武庙广场,0.0036,2021
ID657,景点,霞洞,0.0036,2021
ID658,景点,沁香阁,0.0036,2021
ID659,特色餐饮,LINLEE·手打柠檬茶（文创店）,0.0036,2021
ID660,特色餐饮,茶自点（文光店）,0.0036,2021
ID661,景区,茂名市滨海新区,0.0036,2021
ID662,景点,博贺渔,0.0036,2021
ID663,景区,温德姆酒店,0.0036,2021
ID664,酒店,白石镇,0.0036,2021
ID665,特色餐饮,小和寿司（光明路店）,0.0036,2021
ID666,酒店,柏高酒店(茂名高铁站店),0.0036,2021
ID667,景点,化,0.0036,2021
ID668,乡村旅游,茂名博物馆,0.0036,2021
ID669,景区,信宜莲花湖旅游度假区,0.0036,2021
ID670,景点,贡园贡园,0.0036,2021
ID671,景点,中国荔枝博物馆,0.0036,2021
ID672,特色餐饮,遇见桃园烤鱼（新福路店）,0.0036,2021
ID673,乡村旅游,木院村,0.0036,2021
ID674,特色餐饮,天台月光帐篷餐厅,0.0036,2021
ID675,景区,莲头岭,0.0036,2021
ID676,酒店,御品豆花（宾南路店）,0.0036,2021
ID677,景点,朝阳,0.0036,2021
ID678,景点,茂名万达广场,0.0036,2021
ID679,景点,高州市植物园,0.0036,2021
ID680,特色餐饮,果·町·果汁·果茶（金港湾店）,0.0036,2021
ID681,特色餐饮,储良母树公园,0.0036,2021
ID682,景点,茂名水东湾海洋公园,0.0036,2021
ID683,景区,茂名级,0.0036,2021
ID684,景区,加拿大,0.0036,2021
ID685,景点,湛茂,0.0036,2021
ID686,酒店,光华南路,0.0036,2021
ID687,景区,霞山海鲜批发,0.0036,2021
ID688,景点,茂名站南片区,0.0036,2021
ID689,景点,油城路,0.0036,2021
ID690,景点,伊春市,0.0036,2021
ID691,景区,广州市,0.0036,2021
ID692,乡村旅游,粤龙山,0.0036,2021
ID693,特色餐饮,草原郎烤羊,0.0036,2021
ID694,景区,鳌头镇,0.0036,2021
ID695,景区,水东湾红树林景区,0.0036,2021
ID696,景点,羊城,0.0036,2021
ID697,景点,博贺湾,0.0036,2021
ID698,景区,茂名滨海,0.0036,2021
ID699,景点,陈金顶,0.0036,2021
ID700,特色餐饮,西安世纪金源大饭店,0.0036,2021
ID701,景区,廉江,0.0036,2021
ID702,景区,云开山,0.0036,2021
ID703,景区,坡心镇,0.0036,2021
ID704,景区,英国,0.0036,2021
ID705,景点,向洋大道,0.0036,2021
ID706,景点,小良镇,0.0036,2021
ID707,酒店,大梅沙,0.0036,2021
ID708,特色餐饮,贤合庄卤味火锅（电白万达店）,0.0036,2021
ID709,景点,广州白云国际会议中心世纪大会堂,0.0036,2021
ID710,景点,名市,0.0036,2021
ID711,景区,信宜镇隆,0.0036,2021
ID712,景点,窝,0.0036,2021
ID713,景区,锦江,0.0036,2021
ID714,景区,绿地公园,0.0036,2021
ID715,景点,罗定,0.0036,2021
ID716,景点,吴川,0.0036,2021
ID717,景点,江滨公园,0.0036,2021
ID718,景点,颐年苑,0.0036,2021
ID719,景点,站前大道,0.0036,2021
ID720,景区,万,0.0036,2021
ID721,乡村旅游,新加坡,0.0036,2021
ID722,景点,大榭开发区,0.0036,2021
ID723,乡村旅游,小东江大雾岭自然保护区,0.0036,2021
ID724,乡村旅游,钱排镇三华李现代产业园,0.0036,2021
ID725,景点,印度尼西亚,0.0036,2021
ID726,景区,电白体育公园,0.0036,2021
ID727,景区,浪漫海岸国际旅游度假区,0.0036,2021
ID728,景区,白麻岗镇热水村,0.0036,2021
ID729,乡村旅游,南盛湖艳村,0.0036,2021
ID730,乡村旅游,来宾,0.0036,2021
ID731,景区,玉林市,0.0036,2021
ID732,酒店,茂名茂南高山九树公寓,0.0036,2021
ID733,景区,茂名御水古温泉度假村,0.0036,2021
ID734,乡村旅游,宾,0.0036,2021
ID735,乡村旅游,同庆镇,0.0036,2021
ID736,景区,马鞍岭森林公园,0.0036,2021
ID737,酒店,茂名市国际大酒店,0.0036,2021
ID738,景点,茂南区金塘镇牙象大地艺术公园,0.0036,2021
ID739,景点,云潭镇,0.0036,2021
ID740,乡村旅游,粤,0.0036,2021
ID741,景点,荷花镇,0.0036,2021
ID742,景点,心湖,0.0036,2021
ID743,景区,大田顶,0.0036,2021
ID744,景区,江,0.0036,2021
ID745,景区,茂南区露天矿生态公园,0.0036,2021
ID746,景点,嘉豪轩食品文化产业园,0.0036,2021
ID747,乡村旅游,海南自由,0.0036,2021
ID748,景点,粤西地,0.0036,2021
ID749,乡村旅游,羊角镇,0.0036,2021
ID750,乡村旅游,官桥镇,0.0036,2021
ID751,景区,潘仙祠,0.0036,2021
ID752,景点,现代农业产业,0.0036,2021
ID753,乡村旅游,泰沉香博物馆,0.0036,2021
ID754,乡村旅游,好心湖,0.0036,2021
ID755,景点,站南公园,0.0036,2021
ID756,景点,云茂,0.0036,2021
ID757,景点,第一,0.0036,2021
ID758,景区,凌霄岩风景区,0.0036,2021
ID759,景点,春苑公园,0.0036,2021
ID760,特色餐饮,肯德基（茂名官渡店）,0.0036,2021
ID761,景区,塘霞村,0.0036,2021
ID762,特色餐饮,塔斯汀中国汉堡（民主店）,0.0036,2021
ID763,景点,江东中路,0.0036,2021
ID764,景区,中国进出口商品交易会展馆,0.0036,2021
ID765,乡村旅游,大北国村,0.0036,2021
ID766,景点,山脚坡村,0.0036,2021
ID767,景点,济南,0.0036,2021
ID768,景点,湛茂阳,0.0036,2021
ID769,酒店,横琴,0.0036,2021
ID770,景区,分界镇,0.0036,2021
ID771,景点,茂名港博贺,0.0036,2021
ID772,民宿,从化区,0.0036,2021
ID773,特色餐饮,入火韩国烤肉（华侨城店）,0.0036,2021
ID774,酒店,茂名国际大,0.0036,2021
ID775,景区,鉴,0.0036,2021
ID776,景区,北京天安门广场,0.0036,2021
ID777,特色餐饮,冲天香鸭粥店（光华北店）,0.0036,2021
ID778,景点,绿,0.0036,2021
ID779,特色餐饮,泰哥茶档,0.0036,2021
ID780,景区,广东茂名浪漫海岸旅游区,0.0036,2021
ID781,景区,罗定机场,0.0036,2021
ID782,景点,广东茂名滨海新区,0.0036,2021
ID783,景点,永州,0.0036,2021
ID784,景区,出口商品交易会展馆,0.0036,2021
ID785,景点,茂名高新区,0.0036,2021
ID786,景区,南塘镇,0.0036,2021
ID787,景点,化州地区,0.0036,2021
ID788,景点,光华北路,0.0036,2021
ID789,特色餐饮,莲塘,0.0036,2021
ID790,乡村旅游,黑泥塘村,0.0036,2021
ID791,景点,甲子大道,0.0036,2021
ID792,景区,母亲河,0.0036,2021
ID793,景点,白龙温泉,0.0036,2021
ID794,景点,花坎村,0.0036,2021
ID795,景点,电白红树林自然,0.0036,2021
ID796,乡村旅游,大唐荔乡景,0.0036,2021
ID797,景点,长城,0.0036,2021
ID798,景区,维也纳酒店,0.0036,2021
ID799,景区,广州南丰朗豪酒店,0.0036,2021
ID800,景点,新福,0.0036,2021
ID801,景点,那务镇,0.0036,2021
ID802,景点,茂名市少年宫,0.0036,2021
ID803,乡村旅游,深圳国际会展中心,0.0036,2021
ID804,乡村旅游,非洲,0.0036,2021
ID805,景点,阳,0.0036,2021
ID806,景点,阳江沙扒海上风电场,0.0036,2021
ID807,乡村旅游,茂名市滨海新区电城镇架炮村,0.0036,2021
ID808,景区,粤北,0.0036,2021
ID809,乡村旅游,解放纪念,0.0036,2021
ID810,景点,化州市博物馆,0.0036,2021
ID811,景点,大园三路,0.0036,2021
ID812,景区,冼太夫人故,0.0036,2021
ID813,景区,连江口镇,0.0036,2021
ID814,特色餐饮,江渔儿酸菜鱼（高州店）,0.0036,2021
ID815,景区,城,0.0036,2021
ID816,景点,钧盟电竞馆,0.0036,2021
ID817,景区,谭则桥,0.0036,2021
ID818,景点,鳌头墟镇,0.0036,2021
ID819,景区,南海博贺滨海旅,0.0036,2021
ID820,景点,化工业园,0.0036,2021
ID821,景点,信宜汽车,0.0036,2021
ID822,景点,中路,0.0036,2021
ID823,景点,化州市现代农业产业园,0.0036,2021
ID824,景点,高凉南山,0.0036,2021
ID825,酒店,茂名六韬珠宝创意产业园,0.0036,2021
ID826,景区,福华市场,0.0036,2021
ID827,景区,河源市霍山旅游风景区,0.0036,2021
ID828,景区,茂名镇,0.0036,2021
ID829,乡村旅游,龙山村,0.0036,2021
ID830,景点,中华人民共和,0.0036,2021
ID831,乡村旅游,人民大会堂,0.0036,2021
ID832,乡村旅游,新冠,0.0036,2021
ID833,景区,汉庭湛江徐闻港口码头酒店,0.0036,2021
ID834,景点,茂南区红旗湖公园,0.0036,2021
ID835,景点,金垌镇,0.0036,2021
ID836,景点,茶山镇,0.0036,2021
ID837,景点,金塘镇牙象大地艺术公园,0.0036,2021
ID838,乡村旅游,华讯,0.0036,2021
ID839,特色餐饮,煲珠霸（中山路店）,0.0036,2021
ID840,景点,福华,0.0036,2021
ID841,景点,茂名地,0.0036,2021
ID842,景区,阳春市,0.0036,2021
ID843,酒店,海龙阁,0.0036,2021
ID844,乡村旅游,望夫镇,0.0036,2021
ID845,民宿,深镇镇,0.0036,2021
ID846,景点,南香村,0.0036,2021
ID847,景点,古丁镇,0.0036,2021
ID848,景点,宁夏,0.0036,2021
ID849,景区,茂名露天矿生态公园,0.0036,2021
ID850,景点,上,0.0036,2021
ID851,景点,西粤北路,0.0036,2021
ID852,民宿,华书店河东店,0.0036,2021
ID853,景区,河东店,0.0036,2021
ID854,景点,杨凌,0.0036,2021
ID855,景区,马贵高山,0.0036,2021
ID856,景点,官渡二路,0.0036,2021
ID857,景区,东省,0.0036,2021
ID858,景点,旺远农庄,0.0036,2021
ID859,景点,茂名甲子大道,0.0036,2021
ID860,景点,茂名安联合旗,0.0036,2021
ID861,景区,八角楼,0.0036,2021
ID862,景点,冼夫人文化影视,0.0036,2021
ID863,景点,湛江吴川机场,0.0036,2021
ID864,特色餐饮,棒子炸鸡•脆鸡饭（传湾新天地店）,0.0036,2021
ID865,景点,茂名市文化广场,0.0036,2021
ID866,景点,新湖公,0.0036,2021
ID867,景点,钟,0.0036,2021
ID868,乡村旅游,大唐,0.0036,2021
ID869,景区,茂南区牙象大地艺术公园,0.0036,2021
ID870,景点,茂名市文化馆,0.0036,2021
ID871,乡村旅游,北京人民大会堂,0.0036,2021
ID872,景区,新疆,0.0036,2021
ID873,景点,信宜思,0.0036,2021
ID874,特色餐饮,川味龙虾馆（官山路店）,0.0036,2021
ID875,酒店,茂名市钧明城城市会客厅,0.0036,2021
ID876,景点,茂名汽车,0.0036,2021
ID877,景区,沙琅镇新城公园,0.0036,2021
ID878,景点,白石村,0.0036,2021
ID879,景区,茂名市露天矿博物馆,0.0036,2021
ID880,景区,茂名博贺港码头,0.0036,2021
ID881,酒店,崖门渡口,0.0036,2021
ID882,酒店,桂园,0.0036,2021
ID883,景区,御水古温泉度假村,0.0036,2021
ID884,酒店,北部,0.0036,2021
ID885,景点,生态公园,0.0036,2021
ID886,景区,河西,0.0036,2021
ID887,景区,新兴县天堂镇,0.0036,2021
ID888,景区,庐山村,0.0036,2021
ID889,酒店,锦绣嘉园,0.0036,2021
ID890,乡村旅游,杏花村,0.0036,2021
ID891,景区,冼太夫人故里文化旅游区,0.0036,2021
ID892,特色餐饮,黑色经典长沙臭豆腐（为民路店）,0.0036,2021
ID893,景点,长岭,0.0036,2021
ID894,酒店,哈曼酒店(化州火车站店),0.0036,2021
ID895,景点,河西街油城社区,0.0036,2021
ID896,酒店,化州桐趣电影游戏主题酒店,0.0035,2021
ID897,景点,北京市东城区,0.0035,2021
ID898,民宿,西大山,0.0035,2021
ID899,民宿,茂名市电白区博物馆,0.0035,2021
ID900,景区,茂名市露天矿生态公园,0.0035,2021
ID901,特色餐饮,至尊比萨（电城旗舰店）,0.0035,2021
ID902,特色餐饮,麦当劳（明湖店）,0.0035,2021
ID903,特色餐饮,三两粉（茂名东汇城店）,0.0035,2021
ID904,景点,石家庄市,0.0035,2021
ID905,乡村旅游,正村文化广场,0.0034,2021
ID906,景点,长安区博雅盛世,0.0033,2021
ID907,景区,信宜莲花湖庄园景区,0.0032,2021
ID908,特色餐饮,围炉海鲜烤肉自助（金港湾店）,0.0032,2021
ID909,景区,茂名市钧明城,0.0032,2021
ID910,景区,茂名市钧明城演艺厅,0.0031,2021
ID911,酒店,化州森思思酒店,0.0031,2021
ID912,景区,茂名）国家热带农业公园,0.003,2021
ID913,酒店,茂名化州丽登酒店,0.0026,2021
ID914,景点,油城六路,0.0023,2021
ID915,景点,长尾公村,-0.0008,2021
ID916,特色餐饮,周黑鸭（东汇城店）,-0.0009,2021
ID917,景区,镇隆古城,-0.0018,2021
ID918,景区,雅米乐园,-0.0019,2021
ID919,酒店,麗枫酒店(茂名水东店),-0.0019,2021
ID920,特色餐饮,相聚时光（化州店）,-0.0019,2021
